{"cameraMode":{"drawMode":0,"name":"Shaded","section":"Shading Mode"},"sceneLighting":false,"audioPlay":false,"sceneViewState":{"showFog":true,"showMaterialUpdate":false,"showSkybox":false,"showFlares":true,"showImageEffects":true,"showParticleSystems":true},"in2DMode":false,"pivot":{"x":-0.09282898902893067,"y":11.696687698364258,"z":0.002847909927368164},"rotation":{"x":0.06560268998146057,"y":-0.9340651035308838,"z":0.2585639953613281,"w":0.23782505095005036},"size":12.345308303833008,"orthographic":false}