{"cameraMode":{"drawMode":0,"name":"Shaded","section":"Shading Mode"},"sceneLighting":false,"audioPlay":false,"sceneViewState":{"showFog":true,"showMaterialUpdate":false,"showSkybox":false,"showFlares":true,"showImageEffects":true,"showParticleSystems":true},"in2DMode":false,"pivot":{"x":0.00008761882781982422,"y":-0.010654985904693604,"z":-0.0027678608894348146},"rotation":{"x":0.08222724497318268,"y":-0.9161157608032227,"z":0.24704155325889588,"w":0.3049074709415436},"size":1.0626087188720704,"orthographic":false}