{"cameraMode":{"drawMode":0,"name":"Shaded","section":"Shading Mode"},"sceneLighting":false,"audioPlay":false,"sceneViewState":{"showFog":true,"showMaterialUpdate":false,"showSkybox":false,"showFlares":true,"showImageEffects":true,"showParticleSystems":true},"in2DMode":false,"pivot":{"x":-0.20848390460014344,"y":1.7815932035446168,"z":0.5017917156219482},"rotation":{"x":0.0077755688689649109,"y":0.9968674182891846,"z":-0.049075037240982059,"w":0.07098768651485443},"size":1.4457095861434937,"orthographic":false}