{"cameraMode":{"drawMode":0,"name":"Shaded","section":"Shading Mode"},"sceneLighting":false,"audioPlay":false,"sceneViewState":{"showFog":true,"showMaterialUpdate":false,"showSkybox":false,"showFlares":true,"showImageEffects":true,"showParticleSystems":true},"in2DMode":false,"pivot":{"x":-2.5000007152557375,"y":-0.4502561092376709,"z":-2.53934645652771},"rotation":{"x":0.11388125270605087,"y":-0.8726353049278259,"z":0.244419127702713,"w":0.4074268937110901},"size":3.321290969848633,"orthographic":false}