{"cameraMode":{"drawMode":0,"name":"Shaded","section":"Shading Mode"},"sceneLighting":false,"audioPlay":false,"sceneViewState":{"showFog":true,"showMaterialUpdate":false,"showSkybox":false,"showFlares":true,"showImageEffects":true,"showParticleSystems":true},"in2DMode":false,"pivot":{"x":-2.947598457336426,"y":1.0429420471191407,"z":0.8073340654373169},"rotation":{"x":0.01996453106403351,"y":-0.9714484810829163,"z":0.21929503977298737,"w":0.08943511545658112},"size":4.031426906585693,"orthographic":false}