{"cameraMode":{"drawMode":0,"name":"Shaded","section":"Shading Mode"},"sceneLighting":false,"audioPlay":false,"sceneViewState":{"showFog":true,"showMaterialUpdate":false,"showSkybox":false,"showFlares":true,"showImageEffects":true,"showParticleSystems":true},"in2DMode":false,"pivot":{"x":0.08692822605371475,"y":0.20025241374969483,"z":0.6886498928070068},"rotation":{"x":0.0011602675076574088,"y":-0.9941658973693848,"z":0.08709003031253815,"w":0.07350844889879227},"size":0.5702426433563232,"orthographic":false}