{"cameraMode":{"drawMode":0,"name":"Shaded","section":"Shading Mode"},"sceneLighting":false,"audioPlay":false,"sceneViewState":{"showFog":true,"showMaterialUpdate":false,"showSkybox":false,"showFlares":true,"showImageEffects":true,"showParticleSystems":true},"in2DMode":false,"pivot":{"x":-4.451491355895996,"y":1.919426441192627,"z":-0.733336329460144},"rotation":{"x":0.24331001937389375,"y":-0.13910046219825746,"z":0.03527820482850075,"w":0.9592856168746948},"size":2.1104485988616945,"orthographic":false}