{"cameraMode":{"drawMode":0,"name":"Shaded","section":"Shading Mode"},"sceneLighting":false,"audioPlay":false,"sceneViewState":{"showFog":true,"showMaterialUpdate":false,"showSkybox":false,"showFlares":true,"showImageEffects":true,"showParticleSystems":true},"in2DMode":false,"pivot":{"x":1.2501280307769776,"y":-0.00031600892543792725,"z":0.00925716757774353},"rotation":{"x":0.2809467613697052,"y":-0.3504929542541504,"z":0.11107312142848969,"w":0.8865149021148682},"size":1.3071506023406983,"orthographic":false}