{"cameraMode":{"drawMode":0,"name":"Shaded","section":"Shading Mode"},"sceneLighting":false,"audioPlay":false,"sceneViewState":{"showFog":true,"showMaterialUpdate":false,"showSkybox":false,"showFlares":true,"showImageEffects":true,"showParticleSystems":true},"in2DMode":false,"pivot":{"x":-0.0009025335311889648,"y":-0.678648829460144,"z":0.1981106996536255},"rotation":{"x":-0.23426496982574464,"y":-0.07112185657024384,"z":0.01633090153336525,"w":-0.9696381092071533},"size":0.9856795072555542,"orthographic":false}