{"cameraMode":{"drawMode":0,"name":"Shaded","section":"Shading Mode"},"sceneLighting":false,"audioPlay":false,"sceneViewState":{"showFog":true,"showMaterialUpdate":false,"showSkybox":false,"showFlares":true,"showImageEffects":true,"showParticleSystems":true},"in2DMode":false,"pivot":{"x":-0.3655245006084442,"y":0.006814659107476473,"z":-0.39154860377311709},"rotation":{"x":0.024067752063274385,"y":-0.9702166318893433,"z":0.21532760560512544,"w":0.10842890292406082},"size":1.3097931146621705,"orthographic":false}