{"cameraMode":{"drawMode":0,"name":"Shaded","section":"Shading Mode"},"sceneLighting":true,"audioPlay":false,"sceneViewState":{"showFog":true,"showMaterialUpdate":false,"showSkybox":true,"showFlares":true,"showImageEffects":true,"showParticleSystems":true},"in2DMode":false,"pivot":{"x":2.910386800765991,"y":0.7732653617858887,"z":1.5804835557937623},"rotation":{"x":0.7017804980278015,"y":-0.002137167379260063,"z":0.002105348277837038,"w":0.712386965751648},"size":2.1537139415740969,"orthographic":false}