{"cameraMode":{"drawMode":0,"name":"Shaded","section":"Shading Mode"},"sceneLighting":false,"audioPlay":false,"sceneViewState":{"showFog":true,"showMaterialUpdate":false,"showSkybox":false,"showFlares":true,"showImageEffects":true,"showParticleSystems":true},"in2DMode":false,"pivot":{"x":-2.5000009536743166,"y":1.5000001192092896,"z":-2.376884698867798},"rotation":{"x":0.000051595350669231266,"y":-0.9997172951698303,"z":0.025499800220131875,"w":0.010759137570858002},"size":3.921828508377075,"orthographic":false}