{"cameraMode":{"drawMode":0,"name":"Shaded","section":"Shading Mode"},"sceneLighting":false,"audioPlay":false,"sceneViewState":{"showFog":true,"showMaterialUpdate":false,"showSkybox":false,"showFlares":true,"showImageEffects":true,"showParticleSystems":true},"in2DMode":false,"pivot":{"x":-4.3980393409729,"y":0.6069191098213196,"z":-1.568359375},"rotation":{"x":0.039516743272542956,"y":-0.9599238038063049,"z":0.1785445511341095,"w":0.2124371975660324},"size":4.09583854675293,"orthographic":false}