{"cameraMode":{"drawMode":0,"name":"Shaded","section":"Shading Mode"},"sceneLighting":false,"audioPlay":false,"sceneViewState":{"showFog":true,"showMaterialUpdate":false,"showSkybox":false,"showFlares":true,"showImageEffects":true,"showParticleSystems":true},"in2DMode":false,"pivot":{"x":4.76837158203125e-7,"y":0.4648352563381195,"z":-0.011067628860473633},"rotation":{"x":0.19406649470329286,"y":-0.639717698097229,"z":0.17233772575855256,"w":0.7237251996994019},"size":1.8664296865463257,"orthographic":false}