{"cameraMode":{"drawMode":0,"name":"Shaded","section":"Shading Mode"},"sceneLighting":false,"audioPlay":false,"sceneViewState":{"showFog":true,"showMaterialUpdate":false,"showSkybox":false,"showFlares":true,"showImageEffects":true,"showParticleSystems":true},"in2DMode":false,"pivot":{"x":-0.00014472007751464844,"y":1.1176649332046509,"z":0.3599076569080353},"rotation":{"x":0.13976681232452393,"y":-0.7083235383033752,"z":0.14667905867099763,"w":0.6763321161270142},"size":2.055145740509033,"orthographic":false}