{"cameraMode":{"drawMode":0,"name":"Shaded","section":"Shading Mode"},"sceneLighting":false,"audioPlay":false,"sceneViewState":{"showFog":true,"showMaterialUpdate":false,"showSkybox":false,"showFlares":true,"showImageEffects":true,"showParticleSystems":true},"in2DMode":false,"pivot":{"x":0.0,"y":0.8524081707000732,"z":-0.022507429122924806},"rotation":{"x":0.2433539479970932,"y":-0.6581456661224365,"z":0.23895001411437989,"w":0.6713748574256897},"size":3.2467010021209719,"orthographic":false}