{"cameraMode":{"drawMode":0,"name":"Shaded","section":"Shading Mode"},"sceneLighting":false,"audioPlay":false,"sceneViewState":{"showFog":true,"showMaterialUpdate":false,"showSkybox":false,"showFlares":true,"showImageEffects":true,"showParticleSystems":true},"in2DMode":false,"pivot":{"x":0.00000476837158203125,"y":0.05266263708472252,"z":-0.000001430511474609375},"rotation":{"x":0.13976681232452393,"y":-0.7083235383033752,"z":0.14667905867099763,"w":0.6763321161270142},"size":0.4947156012058258,"orthographic":false}