{"cameraMode":{"drawMode":0,"name":"Shaded","section":"Shading Mode"},"sceneLighting":false,"audioPlay":false,"sceneViewState":{"showFog":true,"showMaterialUpdate":false,"showSkybox":false,"showFlares":true,"showImageEffects":true,"showParticleSystems":true},"in2DMode":false,"pivot":{"x":-0.015864938497543336,"y":0.011460930109024048,"z":2.029759645462036},"rotation":{"x":0.2809467613697052,"y":-0.3504929542541504,"z":0.11107312142848969,"w":0.8865149021148682},"size":2.3615405559539797,"orthographic":false}