{"cameraMode":{"drawMode":0,"name":"Shaded","section":"Shading Mode"},"sceneLighting":false,"audioPlay":false,"sceneViewState":{"showFog":true,"showMaterialUpdate":false,"showSkybox":false,"showFlares":true,"showImageEffects":true,"showParticleSystems":true},"in2DMode":false,"pivot":{"x":-4.567535877227783,"y":0.49013209342956545,"z":-0.7753413915634155},"rotation":{"x":0.060400813817977908,"y":-0.9251317977905273,"z":0.16633617877960206,"w":0.335913747549057},"size":4.077800273895264,"orthographic":false}