{"cameraMode":{"drawMode":0,"name":"Shaded","section":"Shading Mode"},"sceneLighting":false,"audioPlay":false,"sceneViewState":{"showFog":true,"showMaterialUpdate":false,"showSkybox":false,"showFlares":true,"showImageEffects":true,"showParticleSystems":true},"in2DMode":false,"pivot":{"x":-0.0023726820945739748,"y":0.5264639854431152,"z":-0.0023755431175231935},"rotation":{"x":-0.0012535186251625419,"y":-0.9923022389411926,"z":0.12357882410287857,"w":-0.010126911103725434},"size":0.8151674270629883,"orthographic":false}