{"cameraMode":{"drawMode":0,"name":"Shaded","section":"Shading Mode"},"sceneLighting":false,"audioPlay":false,"sceneViewState":{"showFog":true,"showMaterialUpdate":false,"showSkybox":false,"showFlares":true,"showImageEffects":true,"showParticleSystems":true},"in2DMode":false,"pivot":{"x":-4.974581241607666,"y":1.8301336765289307,"z":-4.359206199645996},"rotation":{"x":0.03329681605100632,"y":-0.9661023616790772,"z":0.19774772226810456,"w":0.16265258193016053},"size":4.6250457763671879,"orthographic":false}