{"cameraMode":{"drawMode":0,"name":"Shaded","section":"Shading Mode"},"sceneLighting":false,"audioPlay":false,"sceneViewState":{"showFog":true,"showMaterialUpdate":false,"showSkybox":false,"showFlares":true,"showImageEffects":true,"showParticleSystems":true},"in2DMode":false,"pivot":{"x":-0.006971180438995361,"y":0.00736391544342041,"z":0.11771763861179352},"rotation":{"x":0.00045887185842730105,"y":-0.9982854127883911,"z":0.058477453887462619,"w":0.020231587812304498},"size":1.1060611009597779,"orthographic":false}