{"cameraMode":{"drawMode":0,"name":"Shaded","section":"Shading Mode"},"sceneLighting":false,"audioPlay":false,"sceneViewState":{"showFog":true,"showMaterialUpdate":false,"showSkybox":false,"showFlares":true,"showImageEffects":true,"showParticleSystems":true},"in2DMode":false,"pivot":{"x":0.0011741667985916138,"y":0.20231656730175019,"z":0.03962549567222595},"rotation":{"x":0.11388125270605087,"y":-0.8726353049278259,"z":0.244419127702713,"w":0.4074268937110901},"size":0.46064460277557375,"orthographic":false}