{"cameraMode":{"drawMode":0,"name":"Shaded","section":"Shading Mode"},"sceneLighting":false,"audioPlay":false,"sceneViewState":{"showFog":true,"showMaterialUpdate":false,"showSkybox":false,"showFlares":true,"showImageEffects":true,"showParticleSystems":true},"in2DMode":false,"pivot":{"x":2.5567679405212404,"y":2.1075265407562258,"z":-0.9548698663711548},"rotation":{"x":0.08500083535909653,"y":-0.5205116868019104,"z":0.05216868221759796,"w":0.8480238318443298},"size":1.861958384513855,"orthographic":false}