{"cameraMode":{"drawMode":0,"name":"Shaded","section":"Shading Mode"},"sceneLighting":false,"audioPlay":false,"sceneViewState":{"showFog":true,"showMaterialUpdate":false,"showSkybox":false,"showFlares":true,"showImageEffects":true,"showParticleSystems":true},"in2DMode":false,"pivot":{"x":-9.5367431640625e-7,"y":0.132858544588089,"z":-0.005557060241699219},"rotation":{"x":0.11388125270605087,"y":-0.8726353049278259,"z":0.244419127702713,"w":0.4074268937110901},"size":0.6564450263977051,"orthographic":false}