{"cameraMode":{"drawMode":0,"name":"Shaded","section":"Shading Mode"},"sceneLighting":false,"audioPlay":false,"sceneViewState":{"showFog":true,"showMaterialUpdate":false,"showSkybox":false,"showFlares":true,"showImageEffects":true,"showParticleSystems":true},"in2DMode":false,"pivot":{"x":-0.5765476226806641,"y":0.1238534152507782,"z":0.014988793060183525},"rotation":{"x":0.10731261223554611,"y":-0.8815649747848511,"z":0.3905934691429138,"w":0.24290090799331666},"size":1.7237799167633057,"orthographic":false}