{"cameraMode":{"drawMode":0,"name":"Shaded","section":"Shading Mode"},"sceneLighting":false,"audioPlay":false,"sceneViewState":{"showFog":true,"showMaterialUpdate":false,"showSkybox":false,"showFlares":true,"showImageEffects":true,"showParticleSystems":true},"in2DMode":false,"pivot":{"x":-4.470348358154297e-7,"y":0.0010139942169189454,"z":0.014999272301793099},"rotation":{"x":0.0011602675076574088,"y":-0.9941658973693848,"z":0.08709003031253815,"w":0.07350844889879227},"size":0.9334626793861389,"orthographic":false}