{"cameraMode":{"drawMode":0,"name":"Shaded","section":"Shading Mode"},"sceneLighting":false,"audioPlay":false,"sceneViewState":{"showFog":true,"showMaterialUpdate":false,"showSkybox":false,"showFlares":true,"showImageEffects":true,"showParticleSystems":true},"in2DMode":false,"pivot":{"x":-4.58782958984375,"y":1.8389737606048585,"z":0.9936712384223938},"rotation":{"x":0.04052281752228737,"y":-0.958570122718811,"z":0.1768062263727188,"w":0.21969184279441834},"size":4.050414562225342,"orthographic":false}