{"cameraMode":{"drawMode":0,"name":"Shaded","section":"Shading Mode"},"sceneLighting":false,"audioPlay":false,"sceneViewState":{"showFog":true,"showMaterialUpdate":false,"showSkybox":false,"showFlares":true,"showImageEffects":true,"showParticleSystems":true},"in2DMode":false,"pivot":{"x":-0.0006801187992095947,"y":0.5487661957740784,"z":-0.0006877481937408447},"rotation":{"x":-0.0012535186251625419,"y":-0.9923022389411926,"z":0.12357882410287857,"w":-0.010126911103725434},"size":0.714709460735321,"orthographic":false}