{"cameraMode":{"drawMode":0,"name":"Shaded","section":"Shading Mode"},"sceneLighting":false,"audioPlay":false,"sceneViewState":{"showFog":true,"showMaterialUpdate":false,"showSkybox":false,"showFlares":true,"showImageEffects":true,"showParticleSystems":true},"in2DMode":false,"pivot":{"x":-0.3548804819583893,"y":1.1737816333770753,"z":-0.5703815221786499},"rotation":{"x":-0.04529409483075142,"y":0.9535247683525086,"z":-0.19751928746700288,"w":-0.22429771721363069},"size":1.4337093830108643,"orthographic":false}