{"cameraMode":{"drawMode":0,"name":"Shaded","section":"Shading Mode"},"sceneLighting":false,"audioPlay":false,"sceneViewState":{"showFog":true,"showMaterialUpdate":false,"showSkybox":false,"showFlares":true,"showImageEffects":true,"showParticleSystems":true},"in2DMode":false,"pivot":{"x":-5.075863838195801,"y":1.836092233657837,"z":-0.14535324275493623},"rotation":{"x":0.030644362792372705,"y":-0.9184797406196594,"z":0.07261580973863602,"w":0.3875654637813568},"size":3.963559865951538,"orthographic":false}