{"cameraMode":{"drawMode":0,"name":"Shaded","section":"Shading Mode"},"sceneLighting":false,"audioPlay":false,"sceneViewState":{"showFog":true,"showMaterialUpdate":false,"showSkybox":false,"showFlares":true,"showImageEffects":true,"showParticleSystems":true},"in2DMode":false,"pivot":{"x":0.0,"y":0.5125576257705689,"z":0.00006920099258422852},"rotation":{"x":-0.06890051811933518,"y":-0.9269425868988037,"z":-0.21128317713737489,"w":0.3023506999015808},"size":1.1831775903701783,"orthographic":false}