{"cameraMode":{"drawMode":0,"name":"Shaded","section":"Shading Mode"},"sceneLighting":false,"audioPlay":false,"sceneViewState":{"showFog":true,"showMaterialUpdate":false,"showSkybox":false,"showFlares":true,"showImageEffects":true,"showParticleSystems":true},"in2DMode":false,"pivot":{"x":0.27923694252967837,"y":0.6437917947769165,"z":0.014298717491328717},"rotation":{"x":0.11378283053636551,"y":-0.4163375496864319,"z":0.05340006947517395,"w":0.9007033109664917},"size":1.4621765613555909,"orthographic":false}