{"cameraMode":{"drawMode":0,"name":"Shaded","section":"Shading Mode"},"sceneLighting":false,"audioPlay":false,"sceneViewState":{"showFog":true,"showMaterialUpdate":false,"showSkybox":false,"showFlares":true,"showImageEffects":true,"showParticleSystems":true},"in2DMode":false,"pivot":{"x":-2.317309617996216,"y":1.6219608783721924,"z":-2.1587114334106447},"rotation":{"x":0.008679737336933613,"y":-0.9889132976531982,"z":0.13371405005455018,"w":0.06416720896959305},"size":3.8627045154571535,"orthographic":false}