{"cameraMode":{"drawMode":0,"name":"Shaded","section":"Shading Mode"},"sceneLighting":false,"audioPlay":false,"sceneViewState":{"showFog":true,"showMaterialUpdate":false,"showSkybox":false,"showFlares":true,"showImageEffects":true,"showParticleSystems":true},"in2DMode":false,"pivot":{"x":9.5367431640625e-7,"y":0.051090750843286517,"z":-0.00864177942276001},"rotation":{"x":0.26879391074180605,"y":-0.44989266991615298,"z":0.14406073093414308,"w":0.8394139409065247},"size":1.3881107568740845,"orthographic":false}