{"cameraMode":{"drawMode":0,"name":"Shaded","section":"Shading Mode"},"sceneLighting":true,"audioPlay":false,"sceneViewState":{"showFog":true,"showMaterialUpdate":false,"showSkybox":true,"showFlares":true,"showImageEffects":true,"showParticleSystems":true},"in2DMode":false,"pivot":{"x":2.920909881591797,"y":1.35009765625,"z":2.0777587890625},"rotation":{"x":0.6248854398727417,"y":-0.0058564054779708389,"z":0.004685370717197657,"w":0.7806926369667053},"size":4.666741371154785,"orthographic":true}