{"cameraMode":{"drawMode":0,"name":"Shaded","section":"Shading Mode"},"sceneLighting":false,"audioPlay":false,"sceneViewState":{"showFog":true,"showMaterialUpdate":false,"showSkybox":false,"showFlares":true,"showImageEffects":true,"showParticleSystems":true},"in2DMode":false,"pivot":{"x":-3.687094211578369,"y":2.578518867492676,"z":-2.057136297225952},"rotation":{"x":0.08155246824026108,"y":-0.9103756546974182,"z":0.2170785665512085,"w":0.34298616647720339},"size":5.7065815925598148,"orthographic":false}