{"cameraMode":{"drawMode":0,"name":"Shaded","section":"Shading Mode"},"sceneLighting":false,"audioPlay":false,"sceneViewState":{"showFog":true,"showMaterialUpdate":false,"showSkybox":false,"showFlares":true,"showImageEffects":true,"showParticleSystems":true},"in2DMode":false,"pivot":{"x":0.7448108792304993,"y":0.3667299747467041,"z":-0.2538592219352722},"rotation":{"x":0.1659136712551117,"y":-0.8003990054130554,"z":0.2582997977733612,"w":0.5151050686836243},"size":0.7858983278274536,"orthographic":false}