{"cameraMode":{"drawMode":0,"name":"Shaded","section":"Shading Mode"},"sceneLighting":false,"audioPlay":false,"sceneViewState":{"showFog":true,"showMaterialUpdate":false,"showSkybox":false,"showFlares":true,"showImageEffects":true,"showParticleSystems":true},"in2DMode":false,"pivot":{"x":-0.003371328115463257,"y":0.5977933406829834,"z":-0.003359869122505188},"rotation":{"x":0.13976681232452393,"y":-0.7083235383033752,"z":0.14667905867099763,"w":0.6763321161270142},"size":0.6494154334068298,"orthographic":false}