{"cameraMode":{"drawMode":0,"name":"Shaded","section":"Shading Mode"},"sceneLighting":false,"audioPlay":false,"sceneViewState":{"showFog":true,"showMaterialUpdate":false,"showSkybox":false,"showFlares":true,"showImageEffects":true,"showParticleSystems":true},"in2DMode":false,"pivot":{"x":0.0018778294324874879,"y":0.020839158445596696,"z":0.0},"rotation":{"x":0.06560268998146057,"y":-0.9340651035308838,"z":0.2585639953613281,"w":0.23782505095005036},"size":0.34345123171806338,"orthographic":false}