{"cameraMode":{"drawMode":0,"name":"Shaded","section":"Shading Mode"},"sceneLighting":false,"audioPlay":false,"sceneViewState":{"showFog":true,"showMaterialUpdate":false,"showSkybox":false,"showFlares":true,"showImageEffects":true,"showParticleSystems":true},"in2DMode":false,"pivot":{"x":-1.1253222227096558,"y":-0.06216512620449066,"z":0.765937864780426},"rotation":{"x":0.07636773586273194,"y":-0.9077745079994202,"z":0.19084906578063966,"w":0.36615607142448428},"size":1.5396193265914918,"orthographic":false}