{"cameraMode":{"drawMode":0,"name":"Shaded","section":"Shading Mode"},"sceneLighting":false,"audioPlay":false,"sceneViewState":{"showFog":true,"showMaterialUpdate":false,"showSkybox":false,"showFlares":true,"showImageEffects":true,"showParticleSystems":true},"in2DMode":false,"pivot":{"x":0.23900106549263,"y":-0.008258786052465439,"z":0.6262863874435425},"rotation":{"x":0.10731261223554611,"y":-0.8815649747848511,"z":0.3905934691429138,"w":0.24290090799331666},"size":0.7338176369667053,"orthographic":false}