{"cameraMode":{"drawMode":0,"name":"Shaded","section":"Shading Mode"},"sceneLighting":false,"audioPlay":false,"sceneViewState":{"showFog":true,"showMaterialUpdate":false,"showSkybox":false,"showFlares":true,"showImageEffects":true,"showParticleSystems":true},"in2DMode":false,"pivot":{"x":552.433349609375,"y":278.2132263183594,"z":281.0589294433594},"rotation":{"x":0.0014998933766037226,"y":0.011999718844890595,"z":-0.00001799667916202452,"w":0.9999272227287293},"size":606.4296875,"orthographic":false}