{"cameraMode":{"drawMode":0,"name":"Shaded","section":"Shading Mode"},"sceneLighting":false,"audioPlay":false,"sceneViewState":{"showFog":true,"showMaterialUpdate":false,"showSkybox":false,"showFlares":true,"showImageEffects":true,"showParticleSystems":true},"in2DMode":false,"pivot":{"x":0.0000030994415283203127,"y":-0.12876461446285249,"z":0.03682446479797363},"rotation":{"x":0.2809467613697052,"y":-0.3504929542541504,"z":0.11107312142848969,"w":0.8865149021148682},"size":0.6378726363182068,"orthographic":false}