{"cameraMode":{"drawMode":0,"name":"Shaded","section":"Shading Mode"},"sceneLighting":false,"audioPlay":false,"sceneViewState":{"showFog":true,"showMaterialUpdate":false,"showSkybox":false,"showFlares":true,"showImageEffects":true,"showParticleSystems":true},"in2DMode":false,"pivot":{"x":-1.0122287273406983,"y":-1.1775822639465333,"z":0.36223268508911135},"rotation":{"x":0.12617747485637666,"y":-0.868262767791748,"z":0.2861427664756775,"w":0.38564422726631167},"size":1.5809966325759888,"orthographic":false}