{"cameraMode":{"drawMode":0,"name":"Shaded","section":"Shading Mode"},"sceneLighting":false,"audioPlay":false,"sceneViewState":{"showFog":true,"showMaterialUpdate":false,"showSkybox":false,"showFlares":true,"showImageEffects":true,"showParticleSystems":true},"in2DMode":false,"pivot":{"x":-5.662441253662109e-7,"y":0.2906034290790558,"z":2.8312206268310549e-7},"rotation":{"x":0.23612859845161439,"y":0.5010825991630554,"z":-0.13651256263256074,"w":0.8221465349197388},"size":0.3574639856815338,"orthographic":false}