{"cameraMode":{"drawMode":0,"name":"Shaded","section":"Shading Mode"},"sceneLighting":false,"audioPlay":false,"sceneViewState":{"showFog":true,"showMaterialUpdate":false,"showSkybox":false,"showFlares":true,"showImageEffects":true,"showParticleSystems":true},"in2DMode":false,"pivot":{"x":-0.042884014546871188,"y":-0.4838426411151886,"z":-0.2034398913383484},"rotation":{"x":-0.23426496982574464,"y":-0.07112185657024384,"z":0.01633090153336525,"w":-0.9696381092071533},"size":1.2357791662216187,"orthographic":false}