{"cameraMode":{"drawMode":0,"name":"Shaded","section":"Shading Mode"},"sceneLighting":false,"audioPlay":false,"sceneViewState":{"showFog":true,"showMaterialUpdate":false,"showSkybox":false,"showFlares":true,"showImageEffects":true,"showParticleSystems":true},"in2DMode":false,"pivot":{"x":2.9675967693328859,"y":0.923596978187561,"z":1.0046977996826172},"rotation":{"x":0.7017804980278015,"y":-0.002137167379260063,"z":0.002105348277837038,"w":0.712386965751648},"size":0.7400273680686951,"orthographic":false}