{"cameraMode":{"drawMode":0,"name":"Shaded","section":"Shading Mode"},"sceneLighting":false,"audioPlay":false,"sceneViewState":{"showFog":true,"showMaterialUpdate":false,"showSkybox":false,"showFlares":true,"showImageEffects":true,"showParticleSystems":true},"in2DMode":false,"pivot":{"x":-0.3632175624370575,"y":0.19613870978355409,"z":-0.8281538486480713},"rotation":{"x":0.2894640266895294,"y":-0.19213734567165376,"z":0.05969332903623581,"w":0.9359317421913147},"size":0.8798298239707947,"orthographic":false}