{"cameraMode":{"drawMode":0,"name":"Shaded","section":"Shading Mode"},"sceneLighting":false,"audioPlay":false,"sceneViewState":{"showFog":true,"showMaterialUpdate":false,"showSkybox":false,"showFlares":true,"showImageEffects":true,"showParticleSystems":true},"in2DMode":false,"pivot":{"x":-0.4731649160385132,"y":1.3280349969863892,"z":-0.16972947120666505},"rotation":{"x":0.00908350758254528,"y":-0.9786943793296814,"z":0.20032553374767304,"w":0.04436097294092178},"size":1.6183428764343262,"orthographic":false}