{"cameraMode":{"drawMode":0,"name":"Shaded","section":"Shading Mode"},"sceneLighting":false,"audioPlay":false,"sceneViewState":{"showFog":true,"showMaterialUpdate":false,"showSkybox":false,"showFlares":true,"showImageEffects":true,"showParticleSystems":true},"in2DMode":false,"pivot":{"x":-2.5780181884765627,"y":1.5000001192092896,"z":-2.4219841957092287},"rotation":{"x":-0.1073126420378685,"y":-0.888084888458252,"z":0.3618719279766083,"w":-0.2627486288547516},"size":3.9423792362213136,"orthographic":false}