{"cameraMode":{"drawMode":0,"name":"Shaded","section":"Shading Mode"},"sceneLighting":false,"audioPlay":false,"sceneViewState":{"showFog":true,"showMaterialUpdate":false,"showSkybox":false,"showFlares":true,"showImageEffects":true,"showParticleSystems":true},"in2DMode":false,"pivot":{"x":-2.5,"y":0.46389615535736086,"z":-0.000003814697265625},"rotation":{"x":-0.0012535186251625419,"y":-0.9923022389411926,"z":0.12357882410287857,"w":-0.010126911103725434},"size":2.5715484619140627,"orthographic":false}