{"cameraMode":{"drawMode":0,"name":"Shaded","section":"Shading Mode"},"sceneLighting":false,"audioPlay":false,"sceneViewState":{"showFog":true,"showMaterialUpdate":false,"showSkybox":false,"showFlares":true,"showImageEffects":true,"showParticleSystems":true},"in2DMode":false,"pivot":{"x":0.5856236219406128,"y":1.2945363521575928,"z":-0.0014902204275131226},"rotation":{"x":0.16143745183944703,"y":0.028311502188444139,"z":-0.0004198093374725431,"w":0.9871112108230591},"size":1.4245473146438599,"orthographic":false}