{"cameraMode":{"drawMode":0,"name":"Shaded","section":"Shading Mode"},"sceneLighting":false,"audioPlay":false,"sceneViewState":{"showFog":true,"showMaterialUpdate":false,"showSkybox":false,"showFlares":true,"showImageEffects":true,"showParticleSystems":true},"in2DMode":false,"pivot":{"x":0.306079238653183,"y":0.5142472982406616,"z":0.6818989515304565},"rotation":{"x":0.062459442764520648,"y":-0.8741908073425293,"z":0.11686480790376663,"w":0.4671771824359894},"size":0.8010355234146118,"orthographic":false}