{"cameraMode":{"drawMode":0,"name":"Shaded","section":"Shading Mode"},"sceneLighting":false,"audioPlay":false,"sceneViewState":{"showFog":true,"showMaterialUpdate":false,"showSkybox":false,"showFlares":true,"showImageEffects":true,"showParticleSystems":true},"in2DMode":false,"pivot":{"x":-0.006018877029418945,"y":-0.007209256291389465,"z":-0.055917978286743167},"rotation":{"x":0.2093343734741211,"y":-0.6739540100097656,"z":0.20863375067710877,"w":0.6772266030311585},"size":1.6671016216278077,"orthographic":false}