{"cameraMode":{"drawMode":0,"name":"Shaded","section":"Shading Mode"},"sceneLighting":false,"audioPlay":false,"sceneViewState":{"showFog":true,"showMaterialUpdate":false,"showSkybox":false,"showFlares":true,"showImageEffects":true,"showParticleSystems":true},"in2DMode":false,"pivot":{"x":-1.5715069770812989,"y":-1.3465757369995118,"z":0.5597984194755554},"rotation":{"x":0.19612853229045869,"y":-0.7296863198280335,"z":0.23432300984859467,"w":0.6119018793106079},"size":2.9299392700195314,"orthographic":false}