{"cameraMode":{"drawMode":0,"name":"Shaded","section":"Shading Mode"},"sceneLighting":false,"audioPlay":false,"sceneViewState":{"showFog":true,"showMaterialUpdate":false,"showSkybox":false,"showFlares":true,"showImageEffects":true,"showParticleSystems":true},"in2DMode":false,"pivot":{"x":0.24687820672988892,"y":1.3415248394012452,"z":-0.0896795392036438},"rotation":{"x":-0.06890051811933518,"y":-0.9269425868988037,"z":-0.21128317713737489,"w":0.3023506999015808},"size":0.6860142350196838,"orthographic":false}