{"cameraMode":{"drawMode":0,"name":"Shaded","section":"Shading Mode"},"sceneLighting":false,"audioPlay":false,"sceneViewState":{"showFog":true,"showMaterialUpdate":false,"showSkybox":false,"showFlares":true,"showImageEffects":true,"showParticleSystems":true},"in2DMode":false,"pivot":{"x":-2.488049268722534,"y":1.5115102529525757,"z":-0.19405066967010499},"rotation":{"x":0.002288218354806304,"y":-0.9692768454551697,"z":0.24584397673606873,"w":0.00901029258966446},"size":4.186223983764648,"orthographic":false}