{"cameraMode":{"drawMode":0,"name":"Shaded","section":"Shading Mode"},"sceneLighting":false,"audioPlay":false,"sceneViewState":{"showFog":true,"showMaterialUpdate":false,"showSkybox":false,"showFlares":true,"showImageEffects":true,"showParticleSystems":true},"in2DMode":false,"pivot":{"x":-5.000162124633789,"y":2.9681508541107179,"z":0.13913321495056153},"rotation":{"x":0.06560268998146057,"y":-0.9340651035308838,"z":0.2585639953613281,"w":0.23782505095005036},"size":6.389351844787598,"orthographic":false}