{"cameraMode":{"drawMode":0,"name":"Shaded","section":"Shading Mode"},"sceneLighting":false,"audioPlay":false,"sceneViewState":{"showFog":true,"showMaterialUpdate":false,"showSkybox":false,"showFlares":true,"showImageEffects":true,"showParticleSystems":true},"in2DMode":false,"pivot":{"x":0.8417787551879883,"y":0.5911504626274109,"z":-1.3159854412078858},"rotation":{"x":0.20591965317726136,"y":-0.40909916162490847,"z":0.0953100398182869,"w":0.883841335773468},"size":0.39866313338279726,"orthographic":false}