{"cameraMode":{"drawMode":0,"name":"Shaded","section":"Shading Mode"},"sceneLighting":false,"audioPlay":false,"sceneViewState":{"showFog":true,"showMaterialUpdate":false,"showSkybox":false,"showFlares":true,"showImageEffects":true,"showParticleSystems":true},"in2DMode":false,"pivot":{"x":0.01732999086380005,"y":0.6383394002914429,"z":0.013834714889526368},"rotation":{"x":0.11388125270605087,"y":-0.8726353049278259,"z":0.244419127702713,"w":0.4074268937110901},"size":0.9616804122924805,"orthographic":false}