{"cameraMode":{"drawMode":0,"name":"Shaded","section":"Shading Mode"},"sceneLighting":false,"audioPlay":false,"sceneViewState":{"showFog":true,"showMaterialUpdate":false,"showSkybox":false,"showFlares":true,"showImageEffects":true,"showParticleSystems":true},"in2DMode":false,"pivot":{"x":-0.027981877326965333,"y":1.5230462551116944,"z":-0.027982473373413087},"rotation":{"x":0.2433539479970932,"y":-0.6581456661224365,"z":0.23895001411437989,"w":0.6713748574256897},"size":4.009340286254883,"orthographic":false}