{"cameraMode":{"drawMode":0,"name":"Shaded","section":"Shading Mode"},"sceneLighting":false,"audioPlay":false,"sceneViewState":{"showFog":true,"showMaterialUpdate":false,"showSkybox":false,"showFlares":true,"showImageEffects":true,"showParticleSystems":true},"in2DMode":false,"pivot":{"x":-0.4307805299758911,"y":1.892202377319336,"z":0.29729169607162478},"rotation":{"x":0.24361079931259156,"y":-0.43649765849113467,"z":0.12404994666576386,"w":0.8571798205375671},"size":3.917813301086426,"orthographic":false}