{"cameraMode":{"drawMode":0,"name":"Shaded","section":"Shading Mode"},"sceneLighting":false,"audioPlay":false,"sceneViewState":{"showFog":true,"showMaterialUpdate":false,"showSkybox":false,"showFlares":true,"showImageEffects":true,"showParticleSystems":true},"in2DMode":false,"pivot":{"x":4.76837158203125e-7,"y":0.5280799269676209,"z":-0.006188154220581055},"rotation":{"x":0.10708464682102204,"y":-0.04472639039158821,"z":0.004818532150238752,"w":0.9932434558868408},"size":1.3981574773788453,"orthographic":false}