{"cameraMode":{"drawMode":0,"name":"Shaded","section":"Shading Mode"},"sceneLighting":false,"audioPlay":false,"sceneViewState":{"showFog":true,"showMaterialUpdate":false,"showSkybox":false,"showFlares":true,"showImageEffects":true,"showParticleSystems":true},"in2DMode":false,"pivot":{"x":0.0,"y":0.11457785218954086,"z":-5.960464477539063e-8},"rotation":{"x":0.2433539479970932,"y":-0.6581456661224365,"z":0.23895001411437989,"w":0.6713748574256897},"size":0.6573731899261475,"orthographic":false}