{"cameraMode":{"drawMode":0,"name":"Shaded","section":"Shading Mode"},"sceneLighting":false,"audioPlay":false,"sceneViewState":{"showFog":true,"showMaterialUpdate":false,"showSkybox":false,"showFlares":true,"showImageEffects":true,"showParticleSystems":true},"in2DMode":false,"pivot":{"x":0.0,"y":0.032600127160549167,"z":2.9802322387695315e-8},"rotation":{"x":0.23612859845161439,"y":0.5010825991630554,"z":-0.13651256263256074,"w":0.8221465349197388},"size":0.31876489520072939,"orthographic":false}