{"cameraMode":{"drawMode":0,"name":"Shaded","section":"Shading Mode"},"sceneLighting":false,"audioPlay":false,"sceneViewState":{"showFog":true,"showMaterialUpdate":false,"showSkybox":false,"showFlares":true,"showImageEffects":true,"showParticleSystems":true},"in2DMode":false,"pivot":{"x":0.0,"y":0.7671158909797669,"z":-0.09978342056274414},"rotation":{"x":0.2433539479970932,"y":-0.6581456661224365,"z":0.23895001411437989,"w":0.6713748574256897},"size":3.0860981941223146,"orthographic":false}