{"cameraMode":{"drawMode":0,"name":"Shaded","section":"Shading Mode"},"sceneLighting":false,"audioPlay":false,"sceneViewState":{"showFog":true,"showMaterialUpdate":false,"showSkybox":false,"showFlares":true,"showImageEffects":true,"showParticleSystems":true},"in2DMode":false,"pivot":{"x":-0.3178565502166748,"y":-1.0588419437408448,"z":0.7302701473236084},"rotation":{"x":0.05356460064649582,"y":-0.658836305141449,"z":0.04711668938398361,"w":0.7489113211631775},"size":1.301802396774292,"orthographic":false}