{"cameraMode":{"drawMode":0,"name":"Shaded","section":"Shading Mode"},"sceneLighting":false,"audioPlay":false,"sceneViewState":{"showFog":true,"showMaterialUpdate":false,"showSkybox":false,"showFlares":true,"showImageEffects":true,"showParticleSystems":true},"in2DMode":false,"pivot":{"x":-0.00390973687171936,"y":0.13174302875995637,"z":-0.0190848708152771},"rotation":{"x":0.11388125270605087,"y":-0.8726353049278259,"z":0.244419127702713,"w":0.4074268937110901},"size":0.6105903387069702,"orthographic":false}