{"cameraMode":{"drawMode":0,"name":"Shaded","section":"Shading Mode"},"sceneLighting":false,"audioPlay":false,"sceneViewState":{"showFog":true,"showMaterialUpdate":false,"showSkybox":false,"showFlares":true,"showImageEffects":true,"showParticleSystems":true},"in2DMode":false,"pivot":{"x":0.013498306274414063,"y":15.283307075500489,"z":0.23083972930908204},"rotation":{"x":0.06560268998146057,"y":-0.9340651035308838,"z":0.2585639953613281,"w":0.23782505095005036},"size":16.614627838134767,"orthographic":false}