{"cameraMode":{"drawMode":0,"name":"Shaded","section":"Shading Mode"},"sceneLighting":false,"audioPlay":false,"sceneViewState":{"showFog":true,"showMaterialUpdate":false,"showSkybox":false,"showFlares":true,"showImageEffects":true,"showParticleSystems":true},"in2DMode":false,"pivot":{"x":0.00024021416902542114,"y":-0.008787140250205994,"z":-0.0008522272109985352},"rotation":{"x":0.08222724497318268,"y":-0.9161157608032227,"z":0.24704155325889588,"w":0.3049074709415436},"size":0.2710341811180115,"orthographic":false}