{"cameraMode":{"drawMode":0,"name":"Shaded","section":"Shading Mode"},"sceneLighting":false,"audioPlay":false,"sceneViewState":{"showFog":true,"showMaterialUpdate":false,"showSkybox":false,"showFlares":true,"showImageEffects":true,"showParticleSystems":true},"in2DMode":false,"pivot":{"x":-3.2204058170318605,"y":0.6210395097732544,"z":-2.0733039379119875},"rotation":{"x":0.0009372544009238482,"y":-0.9808734059333801,"z":0.19464747607707978,"w":0.004704052582383156},"size":3.8405730724334719,"orthographic":false}