{"cameraMode":{"drawMode":0,"name":"Shaded","section":"Shading Mode"},"sceneLighting":false,"audioPlay":false,"sceneViewState":{"showFog":true,"showMaterialUpdate":false,"showSkybox":false,"showFlares":true,"showImageEffects":true,"showParticleSystems":true},"in2DMode":false,"pivot":{"x":-5.960464477539063e-8,"y":-4.470348358154297e-8,"z":-0.024211730808019639},"rotation":{"x":-0.22468659281730653,"y":-0.003796742530539632,"z":-0.0009045255137607455,"w":-0.9749569892883301},"size":0.8240242004394531,"orthographic":false}