{"cameraMode":{"drawMode":0,"name":"Shaded","section":"Shading Mode"},"sceneLighting":false,"audioPlay":false,"sceneViewState":{"showFog":true,"showMaterialUpdate":false,"showSkybox":false,"showFlares":true,"showImageEffects":true,"showParticleSystems":true},"in2DMode":false,"pivot":{"x":-0.07028670608997345,"y":0.002110364381223917,"z":0.26753658056259158},"rotation":{"x":0.19005413353443147,"y":-0.04269323870539665,"z":0.008269118145108223,"w":0.9808223247528076},"size":1.2411328554153443,"orthographic":false}