{"cameraMode":{"drawMode":0,"name":"Shaded","section":"Shading Mode"},"sceneLighting":false,"audioPlay":false,"sceneViewState":{"showFog":true,"showMaterialUpdate":false,"showSkybox":false,"showFlares":true,"showImageEffects":true,"showParticleSystems":true},"in2DMode":false,"pivot":{"x":-2.4976086616516115,"y":1.5,"z":-2.307016372680664},"rotation":{"x":0.009420659393072129,"y":-0.9859327077865601,"z":0.15597257018089295,"w":0.05951949581503868},"size":3.996953248977661,"orthographic":false}