{"cameraMode":{"drawMode":0,"name":"Shaded","section":"Shading Mode"},"sceneLighting":false,"audioPlay":false,"sceneViewState":{"showFog":true,"showMaterialUpdate":false,"showSkybox":false,"showFlares":true,"showImageEffects":true,"showParticleSystems":true},"in2DMode":false,"pivot":{"x":0.011113638989627362,"y":1.4779601097106934,"z":1.4449986219406129},"rotation":{"x":0.13598038256168366,"y":-0.838627815246582,"z":0.24378304183483125,"w":0.46776828169822695},"size":0.650519847869873,"orthographic":false}