{"cameraMode":{"drawMode":0,"name":"Shaded","section":"Shading Mode"},"sceneLighting":false,"audioPlay":false,"sceneViewState":{"showFog":true,"showMaterialUpdate":false,"showSkybox":false,"showFlares":true,"showImageEffects":true,"showParticleSystems":true},"in2DMode":false,"pivot":{"x":-0.10030552744865418,"y":0.018171384930610658,"z":0.6726107001304627},"rotation":{"x":0.1287720799446106,"y":-0.8687134981155396,"z":0.3709719479084015,"w":0.30227869749069216},"size":0.7951292395591736,"orthographic":false}