{"cameraMode":{"drawMode":0,"name":"Shaded","section":"Shading Mode"},"sceneLighting":false,"audioPlay":false,"sceneViewState":{"showFog":true,"showMaterialUpdate":false,"showSkybox":false,"showFlares":true,"showImageEffects":true,"showParticleSystems":true},"in2DMode":false,"pivot":{"x":0.037355005741119388,"y":2.5165185928344728,"z":0.05260169506072998},"rotation":{"x":0.10708464682102204,"y":-0.04472639039158821,"z":0.004818532150238752,"w":0.9932434558868408},"size":2.785034418106079,"orthographic":false}