{"cameraMode":{"drawMode":0,"name":"Shaded","section":"Shading Mode"},"sceneLighting":false,"audioPlay":false,"sceneViewState":{"showFog":true,"showMaterialUpdate":false,"showSkybox":false,"showFlares":true,"showImageEffects":true,"showParticleSystems":true},"in2DMode":false,"pivot":{"x":0.020083002746105195,"y":-0.41948848962783816,"z":-0.00694604218006134},"rotation":{"x":0.10708464682102204,"y":-0.04472639039158821,"z":0.004818532150238752,"w":0.9932434558868408},"size":0.5095071196556091,"orthographic":false}