{"cameraMode":{"drawMode":0,"name":"Shaded","section":"Shading Mode"},"sceneLighting":false,"audioPlay":false,"sceneViewState":{"showFog":true,"showMaterialUpdate":false,"showSkybox":false,"showFlares":true,"showImageEffects":true,"showParticleSystems":true},"in2DMode":false,"pivot":{"x":-0.2353878617286682,"y":1.3133395910263062,"z":-0.14712834358215333},"rotation":{"x":-0.03689856827259064,"y":-0.9557759761810303,"z":0.25773805379867556,"w":-0.13683949410915376},"size":1.3768967390060425,"orthographic":false}