{"cameraMode":{"drawMode":0,"name":"Shaded","section":"Shading Mode"},"sceneLighting":false,"audioPlay":false,"sceneViewState":{"showFog":true,"showMaterialUpdate":false,"showSkybox":false,"showFlares":true,"showImageEffects":true,"showParticleSystems":true},"in2DMode":false,"pivot":{"x":0.01727539300918579,"y":2.0706560611724855,"z":0.0},"rotation":{"x":0.383110374212265,"y":0.0096404068171978,"z":-0.0015951761743053794,"w":0.9240777492523193},"size":2.2125489711761476,"orthographic":false}