{"cameraMode":{"drawMode":0,"name":"Shaded","section":"Shading Mode"},"sceneLighting":false,"audioPlay":false,"sceneViewState":{"showFog":true,"showMaterialUpdate":false,"showSkybox":false,"showFlares":true,"showImageEffects":true,"showParticleSystems":true},"in2DMode":false,"pivot":{"x":-2.7986152172088625,"y":-1.4599945545196534,"z":-3.240220069885254},"rotation":{"x":-0.1073126420378685,"y":-0.888084888458252,"z":0.3618719279766083,"w":-0.2627486288547516},"size":3.9431629180908205,"orthographic":false}