{"cameraMode":{"drawMode":0,"name":"Shaded","section":"Shading Mode"},"sceneLighting":false,"audioPlay":false,"sceneViewState":{"showFog":true,"showMaterialUpdate":false,"showSkybox":false,"showFlares":true,"showImageEffects":true,"showParticleSystems":true},"in2DMode":false,"pivot":{"x":0.44364434480667117,"y":0.8996276259422302,"z":0.10929413139820099},"rotation":{"x":0.4175160825252533,"y":-0.32972994446754458,"z":0.1657964438199997,"w":0.8303571939468384},"size":1.4990731477737427,"orthographic":false}