{"cameraMode":{"drawMode":0,"name":"Shaded","section":"Shading Mode"},"sceneLighting":false,"audioPlay":false,"sceneViewState":{"showFog":true,"showMaterialUpdate":false,"showSkybox":false,"showFlares":true,"showImageEffects":true,"showParticleSystems":true},"in2DMode":false,"pivot":{"x":-0.001778721809387207,"y":0.8561170101165772,"z":-0.09047604352235794},"rotation":{"x":-0.04529409483075142,"y":0.9535247683525086,"z":-0.19751928746700288,"w":-0.22429771721363069},"size":1.4389698505401612,"orthographic":false}