{"cameraMode":{"drawMode":0,"name":"Shaded","section":"Shading Mode"},"sceneLighting":true,"audioPlay":false,"sceneViewState":{"showFog":true,"showMaterialUpdate":false,"showSkybox":true,"showFlares":true,"showImageEffects":true,"showParticleSystems":true},"in2DMode":false,"pivot":{"x":-4.2165422439575199,"y":-5.816237449645996,"z":9.214460372924805},"rotation":{"x":0.3328196704387665,"y":0.02458840236067772,"z":-0.0016775872791185976,"w":0.9434255957603455},"size":10.0,"orthographic":false}