{"cameraMode":{"drawMode":0,"name":"Shaded","section":"Shading Mode"},"sceneLighting":false,"audioPlay":false,"sceneViewState":{"showFog":true,"showMaterialUpdate":false,"showSkybox":false,"showFlares":true,"showImageEffects":true,"showParticleSystems":true},"in2DMode":false,"pivot":{"x":-1.0620065927505494,"y":-0.08622405678033829,"z":0.17726454138755799},"rotation":{"x":0.15301503241062165,"y":-0.7699465751647949,"z":0.20241785049438477,"w":0.5858309268951416},"size":1.473975658416748,"orthographic":false}