{"cameraMode":{"drawMode":0,"name":"Shaded","section":"Shading Mode"},"sceneLighting":false,"audioPlay":false,"sceneViewState":{"showFog":true,"showMaterialUpdate":false,"showSkybox":false,"showFlares":true,"showImageEffects":true,"showParticleSystems":true},"in2DMode":false,"pivot":{"x":-0.004382729530334473,"y":1.981292963027954,"z":-0.1704322099685669},"rotation":{"x":0.10708464682102204,"y":-0.04472639039158821,"z":0.004818532150238752,"w":0.9932434558868408},"size":2.151376247406006,"orthographic":false}