{"cameraMode":{"drawMode":0,"name":"Shaded","section":"Shading Mode"},"sceneLighting":false,"audioPlay":false,"sceneViewState":{"showFog":true,"showMaterialUpdate":false,"showSkybox":false,"showFlares":true,"showImageEffects":true,"showParticleSystems":true},"in2DMode":false,"pivot":{"x":0.001627504825592041,"y":0.9465181827545166,"z":0.0017238855361938477},"rotation":{"x":0.10708464682102204,"y":-0.04472639039158821,"z":0.004818532150238752,"w":0.9932434558868408},"size":2.7139840126037599,"orthographic":false}