{"cameraMode":{"drawMode":0,"name":"Shaded","section":"Shading Mode"},"sceneLighting":false,"audioPlay":false,"sceneViewState":{"showFog":true,"showMaterialUpdate":false,"showSkybox":false,"showFlares":true,"showImageEffects":true,"showParticleSystems":true},"in2DMode":false,"pivot":{"x":-7.303755760192871,"y":3.4234514236450197,"z":-2.3111746311187746},"rotation":{"x":0.05544707924127579,"y":-0.9178591966629028,"z":0.13878662884235383,"w":0.36797070503234866},"size":5.057191848754883,"orthographic":false}