{"cameraMode":{"drawMode":0,"name":"Shaded","section":"Shading Mode"},"sceneLighting":false,"audioPlay":false,"sceneViewState":{"showFog":true,"showMaterialUpdate":false,"showSkybox":false,"showFlares":true,"showImageEffects":true,"showParticleSystems":true},"in2DMode":false,"pivot":{"x":0.00000762939453125,"y":0.493693470954895,"z":0.0},"rotation":{"x":0.19406649470329286,"y":-0.639717698097229,"z":0.17233772575855256,"w":0.7237251996994019},"size":0.7512222528457642,"orthographic":false}