{"cameraMode":{"drawMode":0,"name":"Shaded","section":"Shading Mode"},"sceneLighting":false,"audioPlay":false,"sceneViewState":{"showFog":true,"showMaterialUpdate":false,"showSkybox":false,"showFlares":true,"showImageEffects":true,"showParticleSystems":true},"in2DMode":false,"pivot":{"x":0.16846568882465363,"y":0.3486647307872772,"z":0.9869182705879211},"rotation":{"x":0.0807991474866867,"y":-0.9020480513572693,"z":0.19378113746643067,"w":0.3774484097957611},"size":0.5798298716545105,"orthographic":false}