{"cameraMode":{"drawMode":0,"name":"Shaded","section":"Shading Mode"},"sceneLighting":false,"audioPlay":false,"sceneViewState":{"showFog":true,"showMaterialUpdate":false,"showSkybox":false,"showFlares":true,"showImageEffects":true,"showParticleSystems":true},"in2DMode":false,"pivot":{"x":-0.000004291534423828125,"y":3.313894033432007,"z":0.3648338317871094},"rotation":{"x":0.06560268998146057,"y":-0.9340651035308838,"z":0.2585639953613281,"w":0.23782505095005036},"size":3.8801419734954836,"orthographic":false}