{"cameraMode":{"drawMode":0,"name":"Shaded","section":"Shading Mode"},"sceneLighting":false,"audioPlay":false,"sceneViewState":{"showFog":true,"showMaterialUpdate":false,"showSkybox":false,"showFlares":true,"showImageEffects":true,"showParticleSystems":true},"in2DMode":false,"pivot":{"x":0.0,"y":0.1211743950843811,"z":0.004038810729980469},"rotation":{"x":0.23612859845161439,"y":0.5010825991630554,"z":-0.13651256263256074,"w":0.8221465349197388},"size":0.2409408688545227,"orthographic":false}