{"cameraMode":{"drawMode":0,"name":"Shaded","section":"Shading Mode"},"sceneLighting":false,"audioPlay":false,"sceneViewState":{"showFog":true,"showMaterialUpdate":false,"showSkybox":false,"showFlares":true,"showImageEffects":true,"showParticleSystems":true},"in2DMode":false,"pivot":{"x":-0.00007402896881103516,"y":1.2284024953842164,"z":-0.06353956460952759},"rotation":{"x":0.2433539479970932,"y":-0.6581456661224365,"z":0.23895001411437989,"w":0.6713748574256897},"size":2.3219401836395265,"orthographic":false}