{"cameraMode":{"drawMode":0,"name":"Shaded","section":"Shading Mode"},"sceneLighting":false,"audioPlay":false,"sceneViewState":{"showFog":true,"showMaterialUpdate":false,"showSkybox":false,"showFlares":true,"showImageEffects":true,"showParticleSystems":true},"in2DMode":false,"pivot":{"x":-1.4527982473373414,"y":1.7222901582717896,"z":-1.187220573425293},"rotation":{"x":0.016044188290834428,"y":-0.9820730686187744,"z":0.14117787778377534,"w":0.12701573967933656},"size":2.902843713760376,"orthographic":false}