{"cameraMode":{"drawMode":0,"name":"Shaded","section":"Shading Mode"},"sceneLighting":true,"audioPlay":false,"sceneViewState":{"showFog":true,"showMaterialUpdate":true,"showSkybox":true,"showFlares":true,"showImageEffects":true,"showParticleSystems":true},"in2DMode":false,"pivot":{"x":-5.5078935623168949,"y":3.9790303707122804,"z":-3.7704503536224367},"rotation":{"x":-0.25687652826309206,"y":0.06607257574796677,"z":-0.01755458116531372,"w":-0.9640688896179199},"size":1.5173206329345704,"orthographic":false}