{"cameraMode":{"drawMode":0,"name":"Shaded","section":"Shading Mode"},"sceneLighting":true,"audioPlay":false,"sceneViewState":{"showFog":true,"showMaterialUpdate":true,"showSkybox":true,"showFlares":true,"showImageEffects":true,"showParticleSystems":true},"in2DMode":false,"pivot":{"x":3.0043129920959474,"y":-0.4600151777267456,"z":1.3275282382965088},"rotation":{"x":-0.4718181788921356,"y":-0.2586536407470703,"z":0.14703135192394257,"w":-0.830010712146759},"size":2.062176465988159,"orthographic":false}