{"cameraMode":{"drawMode":0,"name":"Shaded","section":"Shading Mode"},"sceneLighting":true,"audioPlay":false,"sceneViewState":{"showFog":true,"showMaterialUpdate":true,"showSkybox":true,"showFlares":true,"showImageEffects":true,"showParticleSystems":true},"in2DMode":false,"pivot":{"x":3.8368451595306398,"y":1.3379466533660889,"z":0.4106379747390747},"rotation":{"x":-0.5726538896560669,"y":0.01796308346092701,"z":-0.012541710399091244,"w":-0.8195194005966187},"size":1.4095587730407715,"orthographic":false}