{"cameraMode":{"drawMode":0,"name":"Shaded","section":"Shading Mode"},"sceneLighting":true,"audioPlay":false,"sceneViewState":{"showFog":true,"showMaterialUpdate":true,"showSkybox":true,"showFlares":true,"showImageEffects":true,"showParticleSystems":true},"in2DMode":false,"pivot":{"x":3.9512767791748049,"y":-1.8410224914550782,"z":2.267848014831543},"rotation":{"x":-0.6372456550598145,"y":0.0007008854299783707,"z":-0.0005807894631288946,"w":-0.77069491147995},"size":3.56217622756958,"orthographic":false}