{"cameraMode":{"drawMode":0,"name":"Shaded","section":"Shading Mode"},"sceneLighting":true,"audioPlay":false,"sceneViewState":{"showFog":true,"showMaterialUpdate":true,"showSkybox":true,"showFlares":true,"showImageEffects":true,"showParticleSystems":true},"in2DMode":false,"pivot":{"x":3.3809726238250734,"y":-0.038442134857177737,"z":0.7801055908203125},"rotation":{"x":-0.5885785222053528,"y":0.014071140438318253,"z":-0.010251067578792572,"w":-0.8082733154296875},"size":2.738267183303833,"orthographic":false}